<?xml version="1.0" encoding="UTF-8"?>
<config xmlns="http://www.knime.org/2008/09/XMLConfig" xmlns:xsi="http://www.w3.org/2001/XMLSchema-instance" xsi:schemaLocation="http://www.knime.org/2008/09/XMLConfig http://www.knime.org/XMLConfig_2008_09.xsd" key="table_meta_info">
    <entry key="table_ID" type="xint" value="5370"/>
    <entry key="table_type" type="xstring" value="rearrange_columns_table"/>
    <config key="table_references">
        <entry key="array-size" type="xint" value="0"/>
    </config>
    <config key="meta_internal">
        <entry key="table_reference_ID" type="xint" value="5369"/>
        <config key="table_internal_map">
            <entry key="array-size" type="xint" value="97"/>
            <entry key="0" type="xint" value="0"/>
            <entry key="1" type="xint" value="1"/>
            <entry key="2" type="xint" value="10"/>
            <entry key="3" type="xint" value="12"/>
            <entry key="4" type="xint" value="13"/>
            <entry key="5" type="xint" value="14"/>
            <entry key="6" type="xint" value="21"/>
            <entry key="7" type="xint" value="126"/>
            <entry key="8" type="xint" value="397"/>
            <entry key="9" type="xint" value="398"/>
            <entry key="10" type="xint" value="399"/>
            <entry key="11" type="xint" value="400"/>
            <entry key="12" type="xint" value="401"/>
            <entry key="13" type="xint" value="402"/>
            <entry key="14" type="xint" value="403"/>
            <entry key="15" type="xint" value="405"/>
            <entry key="16" type="xint" value="406"/>
            <entry key="17" type="xint" value="407"/>
            <entry key="18" type="xint" value="408"/>
            <entry key="19" type="xint" value="409"/>
            <entry key="20" type="xint" value="410"/>
            <entry key="21" type="xint" value="411"/>
            <entry key="22" type="xint" value="412"/>
            <entry key="23" type="xint" value="415"/>
            <entry key="24" type="xint" value="416"/>
            <entry key="25" type="xint" value="417"/>
            <entry key="26" type="xint" value="418"/>
            <entry key="27" type="xint" value="419"/>
            <entry key="28" type="xint" value="420"/>
            <entry key="29" type="xint" value="425"/>
            <entry key="30" type="xint" value="426"/>
            <entry key="31" type="xint" value="428"/>
            <entry key="32" type="xint" value="429"/>
            <entry key="33" type="xint" value="430"/>
            <entry key="34" type="xint" value="431"/>
            <entry key="35" type="xint" value="432"/>
            <entry key="36" type="xint" value="433"/>
            <entry key="37" type="xint" value="434"/>
            <entry key="38" type="xint" value="435"/>
            <entry key="39" type="xint" value="436"/>
            <entry key="40" type="xint" value="437"/>
            <entry key="41" type="xint" value="438"/>
            <entry key="42" type="xint" value="439"/>
            <entry key="43" type="xint" value="440"/>
            <entry key="44" type="xint" value="441"/>
            <entry key="45" type="xint" value="442"/>
            <entry key="46" type="xint" value="443"/>
            <entry key="47" type="xint" value="444"/>
            <entry key="48" type="xint" value="450"/>
            <entry key="49" type="xint" value="451"/>
            <entry key="50" type="xint" value="452"/>
            <entry key="51" type="xint" value="453"/>
            <entry key="52" type="xint" value="454"/>
            <entry key="53" type="xint" value="455"/>
            <entry key="54" type="xint" value="456"/>
            <entry key="55" type="xint" value="457"/>
            <entry key="56" type="xint" value="458"/>
            <entry key="57" type="xint" value="459"/>
            <entry key="58" type="xint" value="460"/>
            <entry key="59" type="xint" value="461"/>
            <entry key="60" type="xint" value="462"/>
            <entry key="61" type="xint" value="463"/>
            <entry key="62" type="xint" value="464"/>
            <entry key="63" type="xint" value="465"/>
            <entry key="64" type="xint" value="466"/>
            <entry key="65" type="xint" value="467"/>
            <entry key="66" type="xint" value="468"/>
            <entry key="67" type="xint" value="469"/>
            <entry key="68" type="xint" value="470"/>
            <entry key="69" type="xint" value="471"/>
            <entry key="70" type="xint" value="472"/>
            <entry key="71" type="xint" value="473"/>
            <entry key="72" type="xint" value="474"/>
            <entry key="73" type="xint" value="483"/>
            <entry key="74" type="xint" value="506"/>
            <entry key="75" type="xint" value="544"/>
            <entry key="76" type="xint" value="595"/>
            <entry key="77" type="xint" value="596"/>
            <entry key="78" type="xint" value="597"/>
            <entry key="79" type="xint" value="598"/>
            <entry key="80" type="xint" value="599"/>
            <entry key="81" type="xint" value="600"/>
            <entry key="82" type="xint" value="601"/>
            <entry key="83" type="xint" value="602"/>
            <entry key="84" type="xint" value="603"/>
            <entry key="85" type="xint" value="615"/>
            <entry key="86" type="xint" value="632"/>
            <entry key="87" type="xint" value="655"/>
            <entry key="88" type="xint" value="674"/>
            <entry key="89" type="xint" value="686"/>
            <entry key="90" type="xint" value="696"/>
            <entry key="91" type="xint" value="700"/>
            <entry key="92" type="xint" value="708"/>
            <entry key="93" type="xint" value="916"/>
            <entry key="94" type="xint" value="919"/>
            <entry key="95" type="xint" value="920"/>
            <entry key="96" type="xint" value="922"/>
        </config>
        <config key="table_internal_flags">
            <entry key="array-size" type="xint" value="97"/>
            <entry key="0" type="xboolean" value="true"/>
            <entry key="1" type="xboolean" value="true"/>
            <entry key="2" type="xboolean" value="true"/>
            <entry key="3" type="xboolean" value="true"/>
            <entry key="4" type="xboolean" value="true"/>
            <entry key="5" type="xboolean" value="true"/>
            <entry key="6" type="xboolean" value="true"/>
            <entry key="7" type="xboolean" value="true"/>
            <entry key="8" type="xboolean" value="true"/>
            <entry key="9" type="xboolean" value="true"/>
            <entry key="10" type="xboolean" value="true"/>
            <entry key="11" type="xboolean" value="true"/>
            <entry key="12" type="xboolean" value="true"/>
            <entry key="13" type="xboolean" value="true"/>
            <entry key="14" type="xboolean" value="true"/>
            <entry key="15" type="xboolean" value="true"/>
            <entry key="16" type="xboolean" value="true"/>
            <entry key="17" type="xboolean" value="true"/>
            <entry key="18" type="xboolean" value="true"/>
            <entry key="19" type="xboolean" value="true"/>
            <entry key="20" type="xboolean" value="true"/>
            <entry key="21" type="xboolean" value="true"/>
            <entry key="22" type="xboolean" value="true"/>
            <entry key="23" type="xboolean" value="true"/>
            <entry key="24" type="xboolean" value="true"/>
            <entry key="25" type="xboolean" value="true"/>
            <entry key="26" type="xboolean" value="true"/>
            <entry key="27" type="xboolean" value="true"/>
            <entry key="28" type="xboolean" value="true"/>
            <entry key="29" type="xboolean" value="true"/>
            <entry key="30" type="xboolean" value="true"/>
            <entry key="31" type="xboolean" value="true"/>
            <entry key="32" type="xboolean" value="true"/>
            <entry key="33" type="xboolean" value="true"/>
            <entry key="34" type="xboolean" value="true"/>
            <entry key="35" type="xboolean" value="true"/>
            <entry key="36" type="xboolean" value="true"/>
            <entry key="37" type="xboolean" value="true"/>
            <entry key="38" type="xboolean" value="true"/>
            <entry key="39" type="xboolean" value="true"/>
            <entry key="40" type="xboolean" value="true"/>
            <entry key="41" type="xboolean" value="true"/>
            <entry key="42" type="xboolean" value="true"/>
            <entry key="43" type="xboolean" value="true"/>
            <entry key="44" type="xboolean" value="true"/>
            <entry key="45" type="xboolean" value="true"/>
            <entry key="46" type="xboolean" value="true"/>
            <entry key="47" type="xboolean" value="true"/>
            <entry key="48" type="xboolean" value="true"/>
            <entry key="49" type="xboolean" value="true"/>
            <entry key="50" type="xboolean" value="true"/>
            <entry key="51" type="xboolean" value="true"/>
            <entry key="52" type="xboolean" value="true"/>
            <entry key="53" type="xboolean" value="true"/>
            <entry key="54" type="xboolean" value="true"/>
            <entry key="55" type="xboolean" value="true"/>
            <entry key="56" type="xboolean" value="true"/>
            <entry key="57" type="xboolean" value="true"/>
            <entry key="58" type="xboolean" value="true"/>
            <entry key="59" type="xboolean" value="true"/>
            <entry key="60" type="xboolean" value="true"/>
            <entry key="61" type="xboolean" value="true"/>
            <entry key="62" type="xboolean" value="true"/>
            <entry key="63" type="xboolean" value="true"/>
            <entry key="64" type="xboolean" value="true"/>
            <entry key="65" type="xboolean" value="true"/>
            <entry key="66" type="xboolean" value="true"/>
            <entry key="67" type="xboolean" value="true"/>
            <entry key="68" type="xboolean" value="true"/>
            <entry key="69" type="xboolean" value="true"/>
            <entry key="70" type="xboolean" value="true"/>
            <entry key="71" type="xboolean" value="true"/>
            <entry key="72" type="xboolean" value="true"/>
            <entry key="73" type="xboolean" value="true"/>
            <entry key="74" type="xboolean" value="true"/>
            <entry key="75" type="xboolean" value="true"/>
            <entry key="76" type="xboolean" value="true"/>
            <entry key="77" type="xboolean" value="true"/>
            <entry key="78" type="xboolean" value="true"/>
            <entry key="79" type="xboolean" value="true"/>
            <entry key="80" type="xboolean" value="true"/>
            <entry key="81" type="xboolean" value="true"/>
            <entry key="82" type="xboolean" value="true"/>
            <entry key="83" type="xboolean" value="true"/>
            <entry key="84" type="xboolean" value="true"/>
            <entry key="85" type="xboolean" value="true"/>
            <entry key="86" type="xboolean" value="true"/>
            <entry key="87" type="xboolean" value="true"/>
            <entry key="88" type="xboolean" value="true"/>
            <entry key="89" type="xboolean" value="true"/>
            <entry key="90" type="xboolean" value="true"/>
            <entry key="91" type="xboolean" value="true"/>
            <entry key="92" type="xboolean" value="true"/>
            <entry key="93" type="xboolean" value="true"/>
            <entry key="94" type="xboolean" value="true"/>
            <entry key="95" type="xboolean" value="true"/>
            <entry key="96" type="xboolean" value="true"/>
        </config>
    </config>
    <entry key="table_file_name" type="xstring" isnull="true" value=""/>
</config>
